ProductQuality,CustomerCount,ActualRepeatRate,PredictedRepeatRate,AvgChurnRisk,AvgOrderValue,AvgNumItems
Low,553,0.2549728752260398,0.1897225,0.8102775,518.0146473779386,23.49728752260398
Medium,1106,0.4918625678119349,0.3709888,0.6290112,393.62357142857144,25.945750452079565
High,2309,0.7877869207449112,0.6944376,0.30556244,433.3594586401039,24.86444348202685
Very High,370,0.9108108108108108,0.8496033,0.15039672,335.3006486486487,13.82972972972973
